cat_value,assigned_integer
UNKNOWN,1
Resolver 89,2
Resolver 31,3
Resolver 6,4
Resolver 125,5
Resolver 78,6
Resolver 186,7
Resolver 216,8
Resolver 236,9
Resolver 17,10
Resolver 249,11
Resolver 193,12
Resolver 180,13
Resolver 175,14
Resolver 97,15
Resolver 76,16
Resolver 201,17
Resolver 215,18
Resolver 227,19
Resolver 159,20
Resolver 170,21
Resolver 99,22
Resolver 253,23
Resolver 198,24
Resolver 135,25
Resolver 94,26
Resolver 149,27
Resolver 188,28
Resolver 4,29
Resolver 83,30
Resolver 33,31
Resolver 26,32
Resolver 69,33
Resolver 145,34
Resolver 176,35
Resolver 150,36
Resolver 34,37
Resolver 71,38
Resolver 134,39
Resolver 183,40
Resolver 127,41
Resolver 57,42
Resolver 18,43
Resolver 48,44
Resolver 182,45
Resolver 203,46
Resolver 84,47
Resolver 184,48
Resolver 28,49
Resolver 242,50
Resolver 130,51
Resolver 212,52
Resolver 121,53
Resolver 129,54
Resolver 166,55
Resolver 241,56
Resolver 229,57
Resolver 115,58
Resolver 126,59
Resolver 165,60
Resolver 64,61
Resolver 74,62
Resolver 153,63
Resolver 2,64
Resolver 208,65
Resolver 214,66
Resolver 141,67
Resolver 13,68
Resolver 15,69
Resolver 58,70
Resolver 207,71
Resolver 24,72
Resolver 148,73
Resolver 117,74
Resolver 82,75
Resolver 251,76
Resolver 139,77
Resolver 225,78
Resolver 111,79
Resolver 152,80
Resolver 132,81
Resolver 224,82
Resolver 7,83
Resolver 120,84
Resolver 167,85
Resolver 137,86
Resolver 247,87
Resolver 25,88
Resolver 196,89
Resolver 197,90
Resolver 93,91
Resolver 237,92
Resolver 234,93
Resolver 22,94
Resolver 230,95
Resolver 140,96
Resolver 40,97
Resolver 155,98
Resolver 169,99
Resolver 92,100
Resolver 56,101
Resolver 101,102
Resolver 44,103
Resolver 133,104
Resolver 202,105
Resolver 100,106
Resolver 168,107
Resolver 124,108
Resolver 43,109
Resolver 37,110
Resolver 246,111
Resolver 147,112
Resolver 178,113
Resolver 233,114
Resolver 45,115
Resolver 109,116
Resolver 194,117
Resolver 55,118
Resolver 223,119
Resolver 8,120
Resolver 23,121
Resolver 163,122
Resolver 59,123
Resolver 172,124
Resolver 200,125
Resolver 187,126
Resolver 238,127
Resolver 53,128
Resolver 199,129
Resolver 51,130
Resolver 49,131
Resolver 171,132
Resolver 210,133
Resolver 164,134
Resolver 219,135
Resolver 10,136
Resolver 73,137
Resolver 209,138
Resolver 103,139
Resolver 119,140
Resolver 47,141
Resolver 192,142
Resolver 239,143
Resolver 112,144
Resolver 41,145
Resolver 102,146
Resolver 220,147
Resolver 123,148
Resolver 116,149
Resolver 39,150
Resolver 3,151
Resolver 191,152
Resolver 32,153
Resolver 138,154
Resolver 65,155
Resolver 63,156
Resolver 81,157
Resolver 161,158
Resolver 143,159
Resolver 36,160
Resolver 190,161
Resolver 136,162
Resolver 151,163
Resolver 217,164
Resolver 232,165
Resolver 177,166
Resolver 156,167
Resolver 235,168
Resolver 12,169
Resolver 52,170
Resolver 30,171
Resolver 128,172
Resolver 21,173
Resolver 67,174
Resolver 218,175
Resolver 9,176
Resolver 206,177
Resolver 98,178
Resolver 110,179
Resolver 131,180
Resolver 144,181
Resolver 107,182
Resolver 244,183
Resolver 181,184
Resolver 96,185
Resolver 142,186
Resolver 245,187
Resolver 87,188
Resolver 158,189
Resolver 154,190
Resolver 46,191
Resolver 160,192
Resolver 252,193
Resolver 62,194
Resolver 38,195
Resolver 114,196
Resolver 146,197
Resolver 77,198
Resolver 106,199
Resolver 231,200
Resolver 5,201
Resolver 50,202
Resolver 222,203
Resolver 205,204
Resolver 108,205
Resolver 221,206
Resolver 90,207
Resolver 250,208
Resolver 20,209
Resolver 35,210
Resolver 228,211
Resolver 91,212
Resolver 16,213
Resolver 85,214
Resolver 88,215
Resolver 240,216
Resolver 11,217
Resolver 118,218
Resolver 211,219
Resolver 75,220
Resolver 19,221
Resolver 86,222
Resolver 42,223
Resolver 179,224
Resolver 105,225
Resolver 68,226
Resolver 66,227
Resolver 243,228
Resolver 104,229
Resolver 204,230
Resolver 213,231
Resolver 185,232
Resolver 174,233
Resolver 122,234
Resolver 27,235
Opened by  8,236
Opened by  397,237
Opened by  180,238
Opened by  131,239
Opened by  24,240
Opened by  40,241
Opened by  433,242
Opened by  62,243
Opened by  501,244
Opened by  301,245
Opened by  4,246
Opened by  55,247
Opened by  257,248
Opened by  128,249
Opened by  221,250
Opened by  386,251
Opened by  240,252
Opened by  325,253
Opened by  381,254
Opened by  185,255
Opened by  191,256
Opened by  59,257
Opened by  239,258
Opened by  305,259
Opened by  443,260
Opened by  390,261
Opened by  512,262
Opened by  461,263
Opened by  536,264
Opened by  9,265
Opened by  226,266
Opened by  316,267
Opened by  120,268
Opened by  168,269
Opened by  503,270
Opened by  228,271
Opened by  155,272
Opened by  517,273
Opened by  247,274
Opened by  444,275
Opened by  124,276
Opened by  47,277
Opened by  20,278
Opened by  431,279
Opened by  237,280
Opened by  441,281
Opened by  79,282
Opened by  505,283
Opened by  468,284
Opened by  502,285
Opened by  267,286
Opened by  360,287
Opened by  142,288
Opened by  188,289
Opened by  174,290
Opened by  419,291
Opened by  317,292
Opened by  385,293
Opened by  392,294
Opened by  460,295
Opened by  322,296
Opened by  2,297
Opened by  524,298
Opened by  533,299
Opened by  75,300
Opened by  157,301
Opened by  356,302
Opened by  402,303
Opened by  368,304
Opened by  364,305
Opened by  12,306
Opened by  44,307
Opened by  193,308
Opened by  453,309
Opened by  17,310
Opened by  108,311
Opened by  351,312
Opened by  70,313
Opened by  520,314
Opened by  465,315
Opened by  184,316
Opened by  58,317
Opened by  80,318
Opened by  10,319
Opened by  172,320
Opened by  467,321
Opened by  296,322
Opened by  119,323
Opened by  528,324
Opened by  277,325
Opened by  423,326
Opened by  253,327
Opened by  60,328
Opened by  337,329
Opened by  369,330
Opened by  464,331
Opened by  91,332
Opened by  298,333
Opened by  3,334
Opened by  500,335
Opened by  262,336
Opened by  39,337
Opened by  515,338
Opened by  530,339
Opened by  321,340
Opened by  319,341
Opened by  94,342
Opened by  255,343
Opened by  73,344
Opened by  412,345
Opened by  246,346
Opened by  382,347
Opened by  109,348
Opened by  163,349
Opened by  242,350
Opened by  32,351
Opened by  463,352
Opened by  68,353
Opened by  106,354
Opened by  320,355
Opened by  46,356
Opened by  350,357
Opened by  293,358
Opened by  354,359
Opened by  111,360
Opened by  535,361
Opened by  469,362
Opened by  403,363
Opened by  147,364
Opened by  230,365
Opened by  219,366
Opened by  182,367
Opened by  151,368
Opened by  486,369
Opened by  72,370
Opened by  256,371
Opened by  233,372
Opened by  472,373
Opened by  353,374
Opened by  122,375
Opened by  101,376
Opened by  90,377
Opened by  216,378
Opened by  430,379
Opened by  420,380
Opened by  198,381
Opened by  265,382
Opened by  209,383
Opened by  346,384
Opened by  5,385
Opened by  280,386
Opened by  270,387
Opened by  144,388
Opened by  344,389
Opened by  212,390
Opened by  118,391
Opened by  347,392
Opened by  462,393
Opened by  104,394
Opened by  194,395
Opened by  440,396
Opened by  483,397
Opened by  159,398
Opened by  481,399
Opened by  30,400
Opened by  438,401
Opened by  141,402
Opened by  162,403
Opened by  14,404
Opened by  74,405
Opened by  223,406
Opened by  447,407
Opened by  77,408
Opened by  519,409
Opened by  195,410
Opened by  148,411
Opened by  160,412
Opened by  54,413
Opened by  26,414
Opened by  370,415
Opened by  245,416
Opened by  448,417
Opened by  166,418
Opened by  275,419
Opened by  435,420
Opened by  67,421
Opened by  455,422
Opened by  406,423
Opened by  66,424
Opened by  52,425
Opened by  313,426
Opened by  538,427
Opened by  318,428
Opened by  429,429
Opened by  333,430
Opened by  150,431
Opened by  189,432
Opened by  452,433
Opened by  488,434
Opened by  389,435
Opened by  273,436
Opened by  211,437
Opened by  7,438
Opened by  88,439
Opened by  271,440
Opened by  508,441
Opened by  490,442
Subcategory 170,443
Subcategory 215,444
Subcategory 125,445
Subcategory 97,446
Subcategory 168,447
Subcategory 229,448
Subcategory 94,449
Subcategory 185,450
Subcategory 110,451
Subcategory 164,452
Subcategory 271,453
Subcategory 220,454
Subcategory 224,455
Subcategory 9,456
Subcategory 291,457
Subcategory 194,458
Subcategory 106,459
Subcategory 191,460
Subcategory 135,461
Subcategory 175,462
Subcategory 223,463
Subcategory 130,464
Subcategory 23,465
Subcategory 47,466
Subcategory 107,467
Subcategory 127,468
Subcategory 54,469
Subcategory 75,470
Subcategory 192,471
Subcategory 303,472
Subcategory 114,473
Subcategory 120,474
Subcategory 103,475
Subcategory 200,476
Subcategory 3,477
Subcategory 123,478
Subcategory 16,479
Subcategory 270,480
Subcategory 167,481
Subcategory 144,482
Subcategory 90,483
Subcategory 31,484
Subcategory 29,485
Subcategory 13,486
Subcategory 302,487
Subcategory 113,488
Subcategory 28,489
Subcategory 109,490
Subcategory 88,491
Subcategory 117,492
Subcategory 156,493
Subcategory 150,494
Subcategory 44,495
Subcategory 162,496
Subcategory 289,497
Subcategory 80,498
Subcategory 231,499
Subcategory 83,500
Subcategory 25,501
Subcategory 153,502
Subcategory 105,503
Subcategory 277,504
Subcategory 4,505
Subcategory 189,506
Subcategory 112,507
Subcategory 78,508
Subcategory 283,509
Subcategory 154,510
Subcategory 132,511
Subcategory 225,512
Subcategory 52,513
Subcategory 208,514
Subcategory 151,515
Subcategory 176,516
Subcategory 12,517
Subcategory 301,518
Subcategory 202,519
Subcategory 65,520
Subcategory 245,521
Subcategory 173,522
Subcategory 228,523
Subcategory 40,524
Subcategory 259,525
Subcategory 275,526
Subcategory 169,527
Subcategory 86,528
Subcategory 269,529
Subcategory 251,530
Subcategory 140,531
Subcategory 6,532
Subcategory 182,533
Subcategory 20,534
Subcategory 274,535
Subcategory 207,536
Subcategory 46,537
Subcategory 57,538
Subcategory 101,539
Subcategory 261,540
Subcategory 219,541
Subcategory 50,542
Subcategory 258,543
Subcategory 174,544
Subcategory 30,545
Subcategory 305,546
Subcategory 115,547
Subcategory 166,548
Subcategory 184,549
Subcategory 67,550
Subcategory 48,551
Subcategory 294,552
Subcategory 59,553
Subcategory 89,554
Subcategory 204,555
Subcategory 227,556
Subcategory 198,557
Subcategory 262,558
Subcategory 255,559
Subcategory 116,560
Subcategory 276,561
Subcategory 177,562
Subcategory 197,563
Subcategory 99,564
Subcategory 178,565
Subcategory 11,566
Subcategory 145,567
Subcategory 69,568
Subcategory 199,569
Subcategory 292,570
Subcategory 43,571
Subcategory 8,572
Subcategory 157,573
Subcategory 282,574
Subcategory 281,575
Subcategory 179,576
Subcategory 32,577
Subcategory 298,578
Subcategory 146,579
Subcategory 161,580
Subcategory 196,581
Subcategory 260,582
Subcategory 36,583
Subcategory 124,584
Subcategory 149,585
Subcategory 92,586
Subcategory 111,587
Subcategory 118,588
Subcategory 203,589
Subcategory 100,590
Subcategory 18,591
Subcategory 159,592
Subcategory 102,593
Subcategory 17,594
Subcategory 249,595
Subcategory 296,596
Subcategory 300,597
Subcategory 142,598
Subcategory 183,599
Subcategory 250,600
Subcategory 66,601
Subcategory 248,602
Subcategory 82,603
Subcategory 233,604
Subcategory 252,605
Subcategory 68,606
Subcategory 181,607
Subcategory 218,608
Subcategory 188,609
Subcategory 60,610
Subcategory 134,611
Subcategory 243,612
Subcategory 187,613
Subcategory 226,614
Subcategory 205,615
Subcategory 247,616
Subcategory 163,617
Subcategory 64,618
Subcategory 285,619
Subcategory 217,620
Subcategory 242,621
Subcategory 138,622
Subcategory 85,623
Subcategory 172,624
Subcategory 53,625
Subcategory 10,626
Subcategory 246,627
Subcategory 72,628
Subcategory 257,629
Subcategory 171,630
Subcategory 158,631
Subcategory 235,632
Subcategory 129,633
Subcategory 77,634
Subcategory 254,635
Subcategory 56,636
Subcategory 244,637
Subcategory 232,638
Subcategory 122,639
Subcategory 240,640
Subcategory 209,641
Subcategory 42,642
Subcategory 256,643
Subcategory 74,644
Subcategory 287,645
Subcategory 84,646
Subcategory 299,647
Subcategory 279,648
Subcategory 241,649
Subcategory 236,650
Subcategory 2,651
Subcategory 213,652
Subcategory 273,653
Subcategory 141,654
Subcategory 62,655
Subcategory 160,656
Subcategory 216,657
Subcategory 195,658
Subcategory 35,659
Subcategory 212,660
Subcategory 33,661
Subcategory 34,662
Subcategory 96,663
Subcategory 211,664
Subcategory 288,665
Subcategory 280,666
Subcategory 230,667
Subcategory 45,668
Subcategory 136,669
Subcategory 104,670
Subcategory 51,671
Subcategory 210,672
Subcategory 165,673
Subcategory 253,674
Subcategory 128,675
Subcategory 234,676
Subcategory 284,677
Subcategory 193,678
Subcategory 186,679
Subcategory 264,680
Subcategory 87,681
Subcategory 222,682
Subcategory 95,683
Subcategory 119,684
Subcategory 237,685
Subcategory 304,686
Subcategory 126,687
Subcategory 37,688
Subcategory 295,689
Subcategory 152,690
Subcategory 155,691
Subcategory 131,692
Subcategory 14,693
Subcategory 71,694
Subcategory 24,695
Subcategory 22,696
2 - Medium,1777
3 - Low,1779
1 - High,1778
Problem ID  2,700
Problem ID  4,701
Problem ID  44,702
Problem ID  141,703
Problem ID  5,704
Problem ID  17,705
Problem ID  23,706
Problem ID  20,707
Problem ID  19,708
Problem ID  24,709
Problem ID  12,710
Problem ID  6,711
Problem ID  7,712
Problem ID  10,713
Problem ID  40,714
Problem ID  33,715
Problem ID  26,716
Problem ID  15,717
Problem ID  9,718
Problem ID  8,719
Problem ID  14,720
Problem ID  18,721
Problem ID  11,722
Problem ID  72,723
Problem ID  246,724
Problem ID  16,725
Problem ID  21,726
Problem ID  28,727
Problem ID  74,728
Problem ID  35,729
Problem ID  104,730
Problem ID  27,731
Problem ID  51,732
Problem ID  30,733
Problem ID  29,734
Problem ID  3,735
Problem ID  31,736
Problem ID  45,737
Problem ID  32,738
Problem ID  38,739
Problem ID  91,740
Problem ID  13,741
Problem ID  36,742
Problem ID  46,743
Problem ID  84,744
Problem ID  39,745
Problem ID  70,746
Problem ID  41,747
Problem ID  118,748
Problem ID  42,749
Problem ID  83,750
Problem ID  43,751
Problem ID  48,752
Problem ID  71,753
Problem ID  68,754
Problem ID  92,755
Problem ID  47,756
Problem ID  192,757
Problem ID  103,758
Problem ID  99,759
Problem ID  85,760
Problem ID  219,761
Problem ID  50,762
Problem ID  49,763
Problem ID  57,764
Problem ID  82,765
Problem ID  52,766
Problem ID  81,767
Problem ID  53,768
Problem ID  54,769
Problem ID  55,770
Problem ID  56,771
Problem ID  80,772
Problem ID  59,773
Problem ID  58,774
Problem ID  96,775
Problem ID  62,776
Problem ID  79,777
Problem ID  69,778
Problem ID  60,779
Problem ID  64,780
Problem ID  63,781
Problem ID  65,782
Problem ID  78,783
Problem ID  77,784
Problem ID  66,785
Problem ID  67,786
Problem ID  76,787
Problem ID  75,788
Problem ID  73,789
Problem ID  86,790
Problem ID  93,791
Problem ID  100,792
Problem ID  94,793
Problem ID  87,794
Problem ID  89,795
Problem ID  88,796
Problem ID  90,797
Problem ID  95,798
Problem ID  97,799
Problem ID  61,800
Problem ID  22,801
Problem ID  144,802
Problem ID  98,803
Problem ID  240,804
Problem ID  114,805
Problem ID  101,806
Problem ID  102,807
Problem ID  106,808
Problem ID  105,809
Problem ID  130,810
Problem ID  115,811
Problem ID  107,812
Problem ID  218,813
Problem ID  158,814
Problem ID  116,815
Problem ID  109,816
Problem ID  108,817
Problem ID  112,818
Problem ID  111,819
Problem ID  110,820
Problem ID  113,821
Problem ID  169,822
Problem ID  146,823
Problem ID  119,824
Problem ID  121,825
Problem ID  120,826
Problem ID  117,827
Problem ID  154,828
Problem ID  131,829
Problem ID  206,830
Problem ID  124,831
Problem ID  123,832
Problem ID  125,833
Problem ID  122,834
Problem ID  126,835
Problem ID  127,836
Problem ID  128,837
Problem ID  139,838
Problem ID  138,839
Problem ID  25,840
Problem ID  181,841
Problem ID  129,842
Problem ID  142,843
Problem ID  133,844
Problem ID  132,845
Problem ID  134,846
Problem ID  165,847
Problem ID  135,848
Problem ID  136,849
Problem ID  137,850
Problem ID  143,851
Problem ID  140,852
Problem ID  145,853
Problem ID  148,854
Problem ID  151,855
Problem ID  162,856
Problem ID  147,857
Problem ID  149,858
Problem ID  152,859
Problem ID  150,860
Problem ID  157,861
Problem ID  156,862
Problem ID  153,863
Problem ID  190,864
Problem ID  250,865
Problem ID  155,866
Problem ID  164,867
Problem ID  199,868
Problem ID  231,869
Problem ID  163,870
Problem ID  159,871
Problem ID  161,872
Problem ID  160,873
Problem ID  174,874
Problem ID  166,875
Problem ID  167,876
Problem ID  172,877
Problem ID  173,878
Problem ID  168,879
Problem ID  170,880
Problem ID  210,881
Problem ID  179,882
Problem ID  171,883
Problem ID  184,884
Problem ID  187,885
Problem ID  175,886
Problem ID  176,887
Problem ID  177,888
Problem ID  202,889
Problem ID  178,890
Problem ID  188,891
Problem ID  180,892
Problem ID  182,893
Problem ID  185,894
Problem ID  183,895
Problem ID  189,896
Problem ID  186,897
Problem ID  200,898
Problem ID  193,899
Problem ID  191,900
Problem ID  198,901
Problem ID  220,902
Problem ID  195,903
Problem ID  201,904
Problem ID  225,905
Problem ID  196,906
Problem ID  197,907
Problem ID  213,908
Problem ID  204,909
Problem ID  194,910
Problem ID  203,911
Problem ID  205,912
Problem ID  243,913
Problem ID  207,914
Problem ID  208,915
Problem ID  228,916
Problem ID  209,917
Problem ID  211,918
Problem ID  212,919
Problem ID  245,920
Problem ID  214,921
Problem ID  223,922
Problem ID  215,923
Problem ID  216,924
Problem ID  217,925
Problem ID  229,926
Problem ID  221,927
Problem ID  222,928
Problem ID  226,929
Problem ID  224,930
Problem ID  230,931
Problem ID  227,932
Problem ID  235,933
Problem ID  242,934
Problem ID  232,935
Problem ID  233,936
Problem ID  234,937
Problem ID  236,938
Problem ID  237,939
Problem ID  238,940
Problem ID  239,941
Problem ID  241,942
Problem ID  248,943
Problem ID  247,944
Problem ID  249,945
Problem ID  252,946
Problem ID  253,947
Problem ID  256,948
Problem ID  255,949
Problem ID  251,950
Problem ID  259,951
Resolved by 149,952
Resolved by 81,953
Resolved by 5,954
Resolved by 113,955
Resolved by 62,956
Resolved by 71,957
Resolved by 197,958
Resolved by 208,959
Resolved by 215,960
Resolved by 30,961
Resolved by 227,962
Resolved by 158,963
Resolved by 85,964
Resolved by 163,965
Resolved by 15,966
Resolved by 99,967
Resolved by 66,968
Resolved by 184,969
Resolved by 183,970
Resolved by 77,971
Resolved by 196,972
Resolved by 206,973
Resolved by 174,974
Resolved by 106,975
Resolved by 139,976
Resolved by 143,977
Resolved by 153,978
Resolved by 89,979
Resolved by 231,980
Resolved by 180,981
Resolved by 121,982
Resolved by 32,983
Resolved by 21,984
Resolved by 175,985
Resolved by 133,986
Resolved by 171,987
Resolved by 3,988
Resolved by 76,989
Resolved by 24,990
Resolved by 130,991
Resolved by 159,992
Resolved by 134,993
Resolved by 33,994
Resolved by 56,995
Resolved by 64,996
Resolved by 83,997
Resolved by 166,998
Resolved by 120,999
Resolved by 53,1000
Resolved by 16,1001
Resolved by 195,1002
Resolved by 27,1003
Resolved by 165,1004
Resolved by 169,1005
Resolved by 167,1006
Resolved by 221,1007
Resolved by 103,1008
Resolved by 117,1009
Resolved by 220,1010
Resolved by 114,1011
Resolved by 57,1012
Resolved by 13,1013
Resolved by 67,1014
Resolved by 137,1015
Resolved by 2,1016
Resolved by 189,1017
Resolved by 132,1018
Resolved by 170,1019
Resolved by 127,1020
Resolved by 135,1021
Resolved by 188,1022
Resolved by 22,1023
Resolved by 229,1024
Resolved by 125,1025
Resolved by 204,1026
Resolved by 100,1027
Resolved by 118,1028
Resolved by 6,1029
Resolved by 11,1030
Resolved by 87,1031
Resolved by 108,1032
Resolved by 150,1033
Resolved by 123,1034
Resolved by 226,1035
Resolved by 115,1036
Resolved by 193,1037
Resolved by 23,1038
Resolved by 216,1039
Resolved by 213,1040
Resolved by 20,1041
Resolved by 209,1042
Resolved by 126,1043
Resolved by 37,1044
Resolved by 152,1045
Resolved by 52,1046
Resolved by 210,1047
Resolved by 91,1048
Resolved by 69,1049
Resolved by 41,1050
Resolved by 119,1051
Resolved by 90,1052
Resolved by 151,1053
Resolved by 112,1054
Resolved by 109,1055
Resolved by 212,1056
Resolved by 107,1057
Resolved by 203,1058
Resolved by 35,1059
Resolved by 131,1060
Resolved by 42,1061
Resolved by 98,1062
Resolved by 84,1063
Resolved by 9,1064
Resolved by 218,1065
Resolved by 7,1066
Resolved by 75,1067
Resolved by 54,1068
Resolved by 104,1069
Resolved by 155,1070
Resolved by 182,1071
Resolved by 200,1072
Resolved by 190,1073
Resolved by 50,1074
Resolved by 48,1075
Resolved by 46,1076
Resolved by 177,1077
Resolved by 154,1078
Resolved by 38,1079
Resolved by 191,1080
Resolved by 147,1081
Resolved by 40,1082
Resolved by 146,1083
Resolved by 179,1084
Resolved by 92,1085
Resolved by 44,1086
Resolved by 202,1087
Resolved by 101,1088
Resolved by 111,1089
Resolved by 105,1090
Resolved by 136,1091
Resolved by 181,1092
Resolved by 31,1093
Resolved by 178,1094
Resolved by 58,1095
Resolved by 145,1096
Resolved by 29,1097
Resolved by 225,1098
Resolved by 173,1099
Resolved by 45,1100
Resolved by 198,1101
Resolved by 211,1102
Resolved by 86,1103
Resolved by 140,1104
Resolved by 214,1105
Resolved by 49,1106
Resolved by 124,1107
Resolved by 116,1108
Resolved by 19,1109
Resolved by 8,1110
Resolved by 187,1111
Resolved by 199,1112
Resolved by 161,1113
Resolved by 129,1114
Resolved by 142,1115
Resolved by 70,1116
Resolved by 223,1117
Resolved by 164,1118
Resolved by 122,1119
Resolved by 128,1120
Resolved by 36,1121
Resolved by 138,1122
Resolved by 74,1123
Resolved by 102,1124
Resolved by 230,1125
Resolved by 96,1126
Resolved by 176,1127
Resolved by 95,1128
Resolved by 156,1129
Resolved by 4,1130
Resolved by 47,1131
Resolved by 186,1132
Resolved by 201,1133
Resolved by 82,1134
Resolved by 88,1135
Resolved by 160,1136
Resolved by 43,1137
Resolved by 228,1138
Resolved by 224,1139
Resolved by 18,1140
Resolved by 97,1141
Resolved by 34,1142
Resolved by 148,1143
Resolved by 60,1144
Resolved by 55,1145
Resolved by 207,1146
Resolved by 14,1147
Resolved by 78,1148
Resolved by 80,1149
Resolved by 219,1150
Resolved by 10,1151
Resolved by 68,1152
Resolved by 17,1153
Resolved by 79,1154
Resolved by 39,1155
Resolved by 94,1156
Resolved by 162,1157
Resolved by 61,1158
Resolved by 59,1159
Resolved by 222,1160
Resolved by 93,1161
Resolved by 185,1162
Resolved by 194,1163
Resolved by 168,1164
Resolved by 157,1165
Resolved by 110,1166
Resolved by 26,1167
Location 143,1168
Location 165,1169
Location 204,1170
Location 93,1171
Location 108,1172
Location 161,1173
Location 46,1174
Location 42,1175
Location 229,1176
Location 98,1177
Location 69,1178
Location 172,1179
Location 51,1180
Location 44,1181
Location 142,1182
Location 36,1183
Location 135,1184
Location 15,1185
Location 79,1186
Location 55,1187
Location 179,1188
Location 171,1189
Location 56,1190
Location 224,1191
Location 131,1192
Location 54,1193
Location 136,1194
Location 2,1195
Location 40,1196
Location 70,1197
Location 115,1198
Location 197,1199
Location 59,1200
Location 212,1201
Location 245,1202
Location 141,1203
Location 232,1204
Location 18,1205
Location 125,1206
Location 241,1207
Location 128,1208
Location 96,1209
Location 249,1210
Location 91,1211
Location 170,1212
Location 208,1213
Location 162,1214
Location 9,1215
Location 153,1216
Location 117,1217
Location 218,1218
Location 111,1219
Location 100,1220
Location 71,1221
Location 33,1222
Location 39,1223
Location 112,1224
Location 72,1225
Location 97,1226
Location 68,1227
Location 193,1228
Location 210,1229
Location 113,1230
Location 158,1231
Location 124,1232
Location 37,1233
Location 196,1234
Location 85,1235
Location 47,1236
Location 24,1237
Location 43,1238
Location 14,1239
Location 77,1240
Location 109,1241
Location 41,1242
Location 38,1243
Location 226,1244
Location 240,1245
Location 76,1246
Location 99,1247
Location 213,1248
Location 118,1249
Location 82,1250
Location 35,1251
Location 199,1252
Location 28,1253
Location 242,1254
Location 78,1255
Location 107,1256
Location 45,1257
Location 247,1258
Location 3,1259
Location 216,1260
Location 133,1261
Location 86,1262
Location 12,1263
Location 231,1264
Location 223,1265
Location 10,1266
Location 177,1267
Location 83,1268
Location 187,1269
Location 160,1270
Location 220,1271
Location 209,1272
Location 5,1273
Location 190,1274
Location 173,1275
Location 205,1276
Location 34,1277
Location 64,1278
Location 25,1279
Location 110,1280
Location 114,1281
Location 235,1282
Location 134,1283
Location 207,1284
Location 225,1285
Location 221,1286
Location 237,1287
Location 234,1288
Location 194,1289
Location 168,1290
Location 17,1291
Location 211,1292
Location 90,1293
Location 138,1294
Location 92,1295
Location 81,1296
Location 195,1297
Location 222,1298
Location 60,1299
Location 182,1300
Location 8,1301
Location 27,1302
Location 169,1303
Location 101,1304
Location 75,1305
Location 228,1306
Location 236,1307
Location 21,1308
Location 174,1309
Location 66,1310
Location 6,1311
Location 233,1312
Location 203,1313
Location 201,1314
Location 214,1315
Location 140,1316
Location 157,1317
Location 243,1318
Location 155,1319
Location 102,1320
Location 13,1321
Location 120,1322
Location 244,1323
Location 188,1324
Location 11,1325
Location 185,1326
Location 65,1327
Location 23,1328
Location 49,1329
Location 186,1330
Location 248,1331
Location 87,1332
Location 61,1333
Location 129,1334
Location 148,1335
Location 184,1336
Location 183,1337
Location 149,1338
Location 137,1339
Location 95,1340
Location 167,1341
Location 200,1342
Location 30,1343
Location 147,1344
Location 166,1345
Location 20,1346
Location 122,1347
Location 130,1348
Location 227,1349
Location 146,1350
Location 156,1351
Location 176,1352
Location 206,1353
Location 175,1354
Location 52,1355
Location 215,1356
Location 189,1357
Location 144,1358
Location 180,1359
Location 219,1360
Location 22,1361
Location 31,1362
Location 121,1363
Location 73,1364
Location 53,1365
Location 239,1366
Location 29,1367
Location 89,1368
Location 164,1369
Location 26,1370
Location 178,1371
Location 63,1372
Location 119,1373
Location 151,1374
Location 123,1375
Location 145,1376
Location 191,1377
Location 57,1378
Location 16,1379
Location 181,1380
Location 132,1381
Location 116,1382
Location 94,1383
Location 217,1384
Location 19,1385
Location 105,1386
Location 50,1387
Location 4,1388
Location 106,1389
Location 202,1390
Location 246,1391
0,1755
1,1754
2,1394
3,1395
4,1396
5,1397
6,1398
7,1399
8,1400
9,1401
10,1402
11,1403
12,1404
13,1405
14,1406
15,1407
16,1408
17,1409
18,1410
19,1411
20,1412
21,1413
22,1414
23,1415
24,1416
25,1417
26,1418
27,1419
cmdb_ci 31,1420
cmdb_ci 23,1421
cmdb_ci 22,1422
cmdb_ci 6,1423
cmdb_ci 3,1424
cmdb_ci 49,1425
cmdb_ci 15,1426
cmdb_ci 16,1427
cmdb_ci 19,1428
cmdb_ci 48,1429
cmdb_ci 14,1430
cmdb_ci 28,1431
cmdb_ci 21,1432
cmdb_ci 11,1433
cmdb_ci 10,1434
cmdb_ci 2,1435
cmdb_ci 7,1436
cmdb_ci 5,1437
cmdb_ci 12,1438
cmdb_ci 35,1439
cmdb_ci 26,1440
cmdb_ci 53,1441
cmdb_ci 4,1442
cmdb_ci 17,1443
cmdb_ci 51,1444
cmdb_ci 33,1445
cmdb_ci 36,1446
cmdb_ci 13,1447
cmdb_ci 27,1448
cmdb_ci 8,1449
cmdb_ci 9,1450
cmdb_ci 42,1451
cmdb_ci 39,1452
cmdb_ci 34,1453
cmdb_ci 24,1454
cmdb_ci 46,1455
cmdb_ci 47,1456
cmdb_ci 41,1457
cmdb_ci 38,1458
cmdb_ci 20,1459
cmdb_ci 50,1460
cmdb_ci 40,1461
cmdb_ci 18,1462
cmdb_ci 37,1463
cmdb_ci 45,1464
cmdb_ci 32,1465
cmdb_ci 43,1466
cmdb_ci 29,1467
cmdb_ci 30,1468
cmdb_ci 25,1469
code 8s,1470
Vendor 3,1471
Vendor 2,1472
Vendor 1,1473
CHG0000132,1503
CHG0000097,1510
CHG0001327,1476
New,1477
Resolved,1478
Closed,1479
Active,1480
Awaiting User Info,1481
Awaiting Problem,1482
Awaiting Vendor,1483
Awaiting Evidence,1484
-100,1485
Phone,1490
Email,1491
Self service,1492
Direct opening,1493
IVR,1494
CHG0000404,1495
CHG0000647,1496
CHG0000127,1497
CHG0000646,1498
CHG0000507,1499
CHG0001863,1500
CHG0000084,1501
CHG0001271,1502
CHG0000047,1504
CHG0000405,1505
CHG0001019,1506
CHG0000336,1507
CHG0000089,1508
CHG0000536,1509
CHG0000433,1511
CHG0000402,1512
CHG0000558,1513
CHG0000232,1514
CHG0001829,1515
CHG0001301,1516
CHG0003167,1517
CHG0000428,1518
CHG0000707,1519
CHG0003447,1520
CHG0000914,1521
CHG0000704,1522
CHG0000293,1523
CHG0001656,1524
CHG0000535,1525
CHG0000461,1526
CHG0000177,1527
CHG0000171,1528
CHG0000149,1529
CHG0000772,1530
CHG0000179,1531
CHG0000705,1532
CHG0000213,1533
CHG0000207,1534
CHG0000209,1535
CHG0000561,1536
CHG0000775,1537
CHG0000323,1538
CHG0000332,1539
CHG0000363,1540
CHG0001056,1541
CHG0000553,1542
CHG0000230,1543
CHG0000918,1544
CHG0000925,1545
CHG0000434,1546
CHG0000622,1547
CHG0001864,1548
CHG0000771,1549
CHG0000357,1550
CHG0002096,1551
CHG0000359,1552
CHG0000406,1553
CHG0000342,1554
CHG0000893,1555
CHG0000697,1556
CHG0000355,1557
CHG0003305,1558
CHG0000361,1559
CHG0000432,1560
CHG0000456,1561
CHG0001222,1562
CHG0000623,1563
CHG0000474,1564
CHG0000534,1565
CHG0000802,1566
CHG0000788,1567
CHG0001767,1568
CHG0000604,1569
CHG0000932,1570
CHG0000532,1571
CHG0000530,1572
CHG0000540,1573
CHG0000560,1574
CHG0000576,1575
CHG0000581,1576
CHG0003516,1577
CHG0000910,1578
CHG0000571,1579
CHG0000852,1580
CHG0000819,1581
CHG0000752,1582
CHG0000664,1583
CHG0000866,1584
CHG0000868,1585
CHG0000648,1586
CHG0000765,1587
CHG0000872,1588
CHG0000585,1589
CHG0000696,1590
CHG0000774,1591
CHG0001073,1592
CHG0000649,1593
CHG0000666,1594
CHG0000650,1595
CHG0000657,1596
CHG0000760,1597
CHG0001002,1598
CHG0000724,1599
CHG0000680,1600
CHG0000921,1601
CHG0001920,1602
CHG0000695,1603
CHG0000968,1604
CHG0000702,1605
CHG0000706,1606
CHG0000708,1607
CHG0001437,1608
CHG0000874,1609
CHG0000751,1610
CHG0000894,1611
CHG0000720,1612
CHG0000770,1613
CHG0000884,1614
CHG0001389,1615
CHG0000789,1616
CHG0000797,1617
CHG0000997,1618
CHG0000792,1619
CHG0000778,1620
CHG0000803,1621
CHG0000886,1622
CHG0001080,1623
CHG0000870,1624
CHG0000912,1625
CHG0000887,1626
CHG0001414,1627
CHG0000863,1628
CHG0000865,1629
CHG0000885,1630
CHG0000888,1631
CHG0001126,1632
CHG0000892,1633
CHG0000879,1634
CHG0000913,1635
CHG0000931,1636
CHG0000959,1637
CHG0001145,1638
CHG0001210,1639
CHG0000990,1640
CHG0001006,1641
CHG0001378,1642
CHG0001015,1643
CHG0001100,1644
CHG0001226,1645
CHG0001043,1646
CHG0001138,1647
CHG0001462,1648
CHG0001230,1649
CHG0001754,1650
CHG0001264,1651
CHG0002504,1652
CHG0001285,1653
CHG0001720,1654
CHG0001831,1655
CHG0001434,1656
CHG0001355,1657
CHG0001398,1658
CHG0001358,1659
CHG0001826,1660
CHG0001419,1661
CHG0001451,1662
CHG0001379,1663
CHG0001363,1664
CHG0001492,1665
CHG0001530,1666
CHG0001943,1667
CHG0001526,1668
CHG0001442,1669
CHG0001653,1670
CHG0001444,1671
CHG0001482,1672
CHG0001685,1673
CHG0001447,1674
CHG0001525,1675
Group 56,1676
Group 70,1677
Group 24,1678
Group 25,1679
Group 23,1680
Group 28,1681
Group 5,1682
Group 15,1683
Group 12,1684
Group 33,1685
Group 54,1686
Group 29,1687
Group 66,1688
Group 65,1689
Group 68,1690
Group 58,1691
Group 27,1692
Group 72,1693
Group 30,1694
Group 50,1695
Group 55,1696
Group 62,1697
Group 47,1698
Group 22,1699
Group 39,1700
Group 73,1701
Group 20,1702
Group 46,1703
Group 67,1704
Group 74,1705
Group 34,1706
Group 69,1707
Group 3,1708
Group 31,1709
Group 26,1710
Group 53,1711
Group 76,1712
Group 6,1713
Group 61,1714
Group 57,1715
Group 37,1716
Group 48,1717
Group 17,1718
Group 49,1719
Group 43,1720
Group 60,1721
Group 10,1722
Group 9,1723
Group 45,1724
Group 14,1725
Group 59,1726
Group 64,1727
Group 51,1728
Group 75,1729
Group 11,1730
Group 19,1731
Group 21,1732
Group 77,1733
Group 2,1734
Group 13,1735
Group 35,1736
Group 81,1737
Group 44,1738
Group 63,1739
Group 79,1740
Group 32,1741
Group 78,1742
Group 36,1743
Group 82,1744
Group 80,1745
Group 4,1746
Group 71,1747
Group 18,1748
Group 38,1749
Group 16,1750
Group 41,1751
Group 7,1752
Group 8,1753
3 - Moderate,1756
2 - High,1757
4 - Low,1758
1 - Critical,1759
code 5,1760
code 10,1761
code 3,1762
code 7,1763
code 6,1764
code 1,1765
code 11,1766
code 8,1767
code 4,1768
code 9,1769
code 2,1770
code 17,1771
code 16,1772
code 15,1773
code 13,1774
code 14,1775
code 12,1776
Category 55,1780
Category 40,1781
Category 20,1782
Category 9,1783
Category 53,1784
Category 44,1785
Category 45,1786
Category 42,1787
Category 32,1788
Category 8,1789
Category 24,1790
Category 61,1791
Category 37,1792
Category 26,1793
Category 23,1794
Category 62,1795
Category 17,1796
Category 13,1797
Category 35,1798
Category 43,1799
Category 34,1800
Category 19,1801
Category 46,1802
Category 63,1803
Category 51,1804
Category 22,1805
Category 30,1806
Category 31,1807
Category 15,1808
Category 47,1809
Category 7,1810
Category 57,1811
Category 25,1812
Category 56,1813
Category 38,1814
Category 49,1815
Category 4,1816
Category 28,1817
Category 41,1818
Category 36,1819
Category 54,1820
Category 29,1821
Category 3,1822
Category 27,1823
Category 33,1824
Category 58,1825
Category 2,1826
Category 21,1827
Category 16,1828
Category 50,1829
Category 59,1830
Category 12,1831
Category 52,1832
Category 5,1833
Category 6,1834
Category 10,1835
Category 48,1836
Category 14,1837
Symptom 72,1838
Symptom 471,1839
Symptom 450,1840
Symptom 232,1841
Symptom 580,1842
Symptom 311,1843
Symptom 470,1844
Symptom 592,1845
Symptom 530,1846
Symptom 4,1847
Symptom 583,1848
Symptom 253,1849
Symptom 2,1850
Symptom 26,1851
Symptom 609,1852
Symptom 529,1853
Symptom 560,1854
Symptom 273,1855
Symptom 87,1856
Symptom 116,1857
Symptom 607,1858
Symptom 159,1859
Symptom 226,1860
Symptom 509,1861
Symptom 208,1862
Symptom 571,1863
Symptom 117,1864
Symptom 7,1865
Symptom 473,1866
Symptom 568,1867
Symptom 605,1868
Symptom 118,1869
Symptom 242,1870
Symptom 486,1871
Symptom 6,1872
Symptom 327,1873
Symptom 17,1874
Symptom 314,1875
Symptom 270,1876
Symptom 382,1877
Symptom 387,1878
Symptom 312,1879
Symptom 218,1880
Symptom 84,1881
Symptom 324,1882
Symptom 107,1883
Symptom 189,1884
Symptom 236,1885
Symptom 263,1886
Symptom 472,1887
Symptom 315,1888
Symptom 491,1889
Symptom 134,1890
Symptom 121,1891
Symptom 224,1892
Symptom 474,1893
Symptom 112,1894
Symptom 126,1895
Symptom 102,1896
Symptom 563,1897
Symptom 594,1898
Symptom 404,1899
Symptom 261,1900
Symptom 418,1901
Symptom 246,1902
Symptom 238,1903
Symptom 257,1904
Symptom 276,1905
Symptom 494,1906
Symptom 13,1907
Symptom 114,1908
Symptom 70,1909
Symptom 495,1910
Symptom 296,1911
Symptom 266,1912
Symptom 37,1913
Symptom 581,1914
Symptom 220,1915
Symptom 426,1916
Symptom 499,1917
Symptom 330,1918
Symptom 283,1919
Symptom 221,1920
Symptom 142,1921
Symptom 249,1922
Symptom 589,1923
Symptom 520,1924
Symptom 8,1925
Symptom 432,1926
Symptom 184,1927
Symptom 293,1928
Symptom 245,1929
Symptom 521,1930
Symptom 559,1931
Symptom 22,1932
Symptom 217,1933
Symptom 212,1934
Symptom 310,1935
Symptom 120,1936
Symptom 585,1937
Symptom 512,1938
Symptom 487,1939
Symptom 115,1940
Symptom 269,1941
Symptom 265,1942
Symptom 222,1943
Symptom 207,1944
Symptom 437,1945
Symptom 135,1946
Symptom 223,1947
Symptom 95,1948
Symptom 235,1949
Symptom 225,1950
Symptom 469,1951
Symptom 170,1952
Symptom 258,1953
Symptom 144,1954
Symptom 157,1955
Symptom 278,1956
Symptom 405,1957
Symptom 406,1958
Symptom 119,1959
Symptom 141,1960
Symptom 291,1961
Symptom 516,1962
Symptom 351,1963
Symptom 337,1964
Symptom 326,1965
Symptom 502,1966
Symptom 74,1967
Symptom 396,1968
Symptom 511,1969
Symptom 199,1970
Symptom 439,1971
Symptom 54,1972
Symptom 572,1973
Symptom 69,1974
Symptom 59,1975
Symptom 431,1976
Symptom 444,1977
Symptom 287,1978
Symptom 98,1979
Symptom 93,1980
Symptom 381,1981
Symptom 267,1982
Symptom 252,1983
Symptom 514,1984
Symptom 113,1985
Symptom 215,1986
Symptom 256,1987
Symptom 260,1988
Symptom 564,1989
Symptom 243,1990
Symptom 419,1991
Symptom 524,1992
Symptom 181,1993
Symptom 280,1994
Symptom 197,1995
Symptom 277,1996
Symptom 268,1997
Symptom 80,1998
Symptom 371,1999
Symptom 392,2000
Symptom 27,2001
Symptom 434,2002
Symptom 417,2003
Symptom 35,2004
Symptom 285,2005
Symptom 332,2006
Symptom 79,2007
Symptom 129,2008
Symptom 155,2009
Symptom 582,2010
Symptom 415,2011
Symptom 342,2012
Symptom 429,2013
Symptom 230,2014
Symptom 308,2015
Symptom 329,2016
Symptom 289,2017
Symptom 187,2018
Symptom 284,2019
Symptom 333,2020
Symptom 10,2021
Symptom 409,2022
Symptom 359,2023
Symptom 143,2024
Symptom 272,2025
Symptom 318,2026
Symptom 522,2027
Symptom 608,2028
Symptom 240,2029
Symptom 248,2030
Symptom 517,2031
Symptom 534,2032
Symptom 452,2033
Symptom 251,2034
Symptom 338,2035
Symptom 400,2036
Symptom 440,2037
Symptom 101,2038
Symptom 340,2039
Symptom 604,2040
Symptom 441,2041
Symptom 345,2042
Symptom 147,2043
Symptom 448,2044
Symptom 410,2045
Symptom 241,2046
Symptom 158,2047
Symptom 286,2048
Symptom 171,2049
Symptom 533,2050
Symptom 203,2051
Symptom 573,2052
Symptom 532,2053
Symptom 21,2054
Symptom 137,2055
Symptom 188,2056
Symptom 125,2057
Symptom 124,2058
Symptom 210,2059
Symptom 262,2060
Symptom 175,2061
Symptom 133,2062
Symptom 475,2063
Symptom 466,2064
Symptom 109,2065
Symptom 110,2066
Symptom 271,2067
Symptom 51,2068
Symptom 544,2069
Symptom 479,2070
Symptom 462,2071
Symptom 297,2072
Symptom 449,2073
Symptom 63,2074
Symptom 104,2075
Symptom 423,2076
Symptom 390,2077
Symptom 288,2078
Symptom 19,2079
Symptom 383,2080
Symptom 430,2081
Symptom 455,2082
Symptom 443,2083
Symptom 180,2084
Symptom 45,2085
Symptom 44,2086
Symptom 89,2087
Symptom 12,2088
Symptom 229,2089
Symptom 239,2090
Symptom 317,2091
Symptom 412,2092
Symptom 411,2093
Symptom 9,2094
Symptom 595,2095
Symptom 438,2096
Symptom 264,2097
Symptom 421,2098
Symptom 172,2099
Symptom 259,2100
Symptom 169,2101
Symptom 385,2102
Symptom 127,2103
Symptom 384,2104
Symptom 506,2105
Symptom 165,2106
Symptom 247,2107
Symptom 372,2108
Symptom 75,2109
Symptom 519,2110
Symptom 465,2111
Symptom 30,2112
Symptom 105,2113
Symptom 86,2114
Symptom 374,2115
Symptom 458,2116
Symptom 526,2117
Symptom 325,2118
Symptom 15,2119
Symptom 5,2120
Symptom 23,2121
Symptom 323,2122
Symptom 501,2123
Symptom 255,2124
Symptom 587,2125
Symptom 402,2126
Symptom 403,2127
Symptom 211,2128
Symptom 156,2129
Symptom 216,2130
Symptom 453,2131
Symptom 569,2132
Symptom 373,2133
Symptom 43,2134
Symptom 106,2135
Symptom 601,2136
Symptom 459,2137
Symptom 295,2138
Symptom 435,2139
Symptom 370,2140
Symptom 65,2141
Symptom 464,2142
Symptom 468,2143
Symptom 380,2144
Symptom 352,2145
Symptom 292,2146
Symptom 454,2147
Symptom 130,2148
Symptom 301,2149
Symptom 335,2150
Symptom 33,2151
Symptom 391,2152
Symptom 358,2153
Symptom 602,2154
Symptom 294,2155
Symptom 88,2156
Symptom 205,2157
Symptom 66,2158
Symptom 94,2159
Symptom 467,2160
Symptom 456,2161
Symptom 377,2162
Symptom 537,2163
Symptom 62,2164
Symptom 274,2165
Symptom 56,2166
Symptom 316,2167
Symptom 551,2168
Symptom 313,2169
Symptom 518,2170
Symptom 375,2171
Symptom 593,2172
Symptom 510,2173
Symptom 53,2174
Symptom 183,2175
Symptom 362,2176
Symptom 34,2177
Symptom 420,2178
Symptom 376,2179
Symptom 162,2180
Symptom 305,2181
Symptom 368,2182
Symptom 361,2183
Symptom 498,2184
Symptom 209,2185
Symptom 20,2186
Symptom 600,2187
Symptom 25,2188
Symptom 531,2189
Symptom 389,2190
Symptom 596,2191
Symptom 176,2192
Symptom 515,2193
Symptom 543,2194
Symptom 461,2195
Symptom 228,2196
Symptom 250,2197
Symptom 173,2198
Symptom 177,2199
Symptom 401,2200
Symptom 457,2201
Symptom 244,2202
Symptom 508,2203
Symptom 55,2204
Symptom 290,2205
Symptom 463,2206
Symptom 553,2207
Symptom 67,2208
Symptom 99,2209
Symptom 545,2210
Symptom 397,2211
Symptom 32,2212
Symptom 186,2213
Symptom 558,2214
Symptom 227,2215
Symptom 513,2216
Symptom 198,2217
Symptom 3,2218
Symptom 148,2219
Symptom 603,2220
Symptom 136,2221
Symptom 50,2222
Symptom 48,2223
Symptom 365,2224
Symptom 77,2225
Symptom 237,2226
Symptom 303,2227
Symptom 428,2228
Symptom 578,2229
Symptom 597,2230
Symptom 182,2231
Symptom 282,2232
Symptom 47,2233
Symptom 507,2234
Symptom 174,2235
Symptom 579,2236
Symptom 485,2237
Symptom 57,2238
Symptom 14,2239
Symptom 598,2240
Symptom 492,2241
Symptom 588,2242
Symptom 379,2243
Symptom 97,2244
Symptom 497,2245
Symptom 424,2246
Symptom 503,2247
Symptom 606,2248
Symptom 233,2249
Symptom 398,2250
Symptom 548,2251
Symptom 556,2252
Symptom 574,2253
Symptom 195,2254
Symptom 275,2255
Symptom 319,2256
Symptom 213,2257
Symptom 460,2258
Symptom 281,2259
Symptom 366,2260
Symptom 504,2261
Symptom 577,2262
Symptom 92,2263
Symptom 231,2264
Symptom 178,2265
Symptom 546,2266
Symptom 550,2267
Symptom 350,2268
Symptom 154,2269
Symptom 214,2270
Symptom 535,2271
Symptom 164,2272
Symptom 254,2273
Symptom 360,2274
Symptom 552,2275
Symptom 427,2276
Symptom 11,2277
Symptom 160,2278
Symptom 131,2279
Symptom 304,2280
Symptom 557,2281
Symptom 60,2282
Symptom 194,2283
Symptom 505,2284
Symptom 416,2285
Symptom 322,2286
Symptom 71,2287
Symptom 279,2288
Symptom 321,2289
Symptom 219,2290
Symptom 328,2291
Symptom 584,2292
Symptom 42,2293
Symptom 150,2294
Symptom 408,2295
Symptom 40,2296
Symptom 193,2297
Symptom 331,2298
Symptom 185,2299
Symptom 523,2300
Symptom 356,2301
Symptom 388,2302
Symptom 540,2303
Symptom 354,2304
Symptom 566,2305
Symptom 493,2306
Symptom 433,2307
Symptom 542,2308
Symptom 425,2309
Symptom 436,2310
Symptom 586,2311
Symptom 96,2312
Symptom 536,2313
Symptom 152,2314
Symptom 555,2315
Symptom 496,2316
Symptom 500,2317
Symptom 61,2318
Symptom 488,2319
Symptom 407,2320
Symptom 348,2321
Symptom 353,2322
Symptom 151,2323
Symptom 575,2324
Symptom 234,2325
Symptom 68,2326
Symptom 320,2327
Symptom 538,2328
Symptom 29,2329
Symptom 547,2330
Symptom 111,2331
Symptom 567,2332
Symptom 167,2333
Symptom 541,2334
Symptom 590,2335
Symptom 599,2336
Symptom 528,2337
Symptom 481,2338
Symptom 355,2339
Symptom 307,2340
Symptom 364,2341
Symptom 299,2342
Symptom 309,2343
Symptom 346,2344
Symptom 357,2345
Symptom 525,2346
Symptom 58,2347
Symptom 576,2348
Symptom 483,2349
Symptom 562,2350
Symptom 190,2351
Symptom 341,2352
Symptom 570,2353
Symptom 83,2354
Symptom 179,2355
Symptom 81,2356
Symptom 73,2357
Symptom 447,2358
Symptom 103,2359
Symptom 204,2360
Symptom 565,2361
Symptom 302,2362
D_sys_mod_count_0,2363
D_sys_mod_count_1,2364
D_sys_mod_count_2,2365
D_sys_mod_count_3,2366
D_sys_mod_count_4,2367
D_reopen_count_0,2368
D_reopen_count_4,2369
D_reopen_count_1,2370
D_reopen_count_2,2371
D_reopen_count_3,2372
